pose_id,pose_type,rotation_degrees,axis_x,axis_y,axis_z,translation_x,translation_y,translation_z,translation_angstrom,contacts,clashes,basic_phosphate_contacts,mean_nearest_distance,geometry_score,geometry_rank,combined_score,rank
native,native,0.00000000,1.00000000,0.00000000,0.00000000,0.00000000,0.00000000,0.00000000,0.00000000,487,0,14,11.74431459,0.86069841,12,1.38740410,11
near_01,near,11.89481613,0.23116514,-0.78895502,0.56930893,0.91746569,-1.90312034,-1.27019970,2.46516076,1309,54,19,10.90765286,1.05953871,8,2.46986251,3
near_02,near,7.76438458,-0.01371211,-0.69620420,0.71771282,0.60589299,0.05143732,0.87811086,1.06809680,1439,80,20,11.36345565,0.46571136,24,2.05275878,6
near_03,near,14.61907432,0.27280407,-0.70938719,0.64988288,-0.19288803,-0.71421303,-2.63076132,2.73280280,1517,76,18,10.23820283,1.20562067,5,2.43922085,4
near_04,near,11.68190803,-0.55725019,-0.45812221,0.69252890,1.52455526,1.72183307,1.79729401,2.91877433,2539,207,22,10.93147829,-0.61120862,36,1.32928605,12
near_05,near,4.94982154,-0.44856852,-0.71261691,0.53941025,1.73880025,-0.17549755,-1.29397710,2.17453499,1143,27,17,10.60114540,1.56017832,1,2.61705488,2
near_06,near,10.87244155,0.65431094,0.47815646,-0.58586995,0.58063622,0.29183159,0.54694089,0.84938121,538,3,15,12.20592415,0.60512030,17,1.30854962,13
near_07,near,7.96590508,0.91621298,0.09119986,0.39017478,0.74897010,-1.72879217,-0.37926287,1.92185299,445,2,14,12.10687966,0.59494484,18,1.12165053,16
near_08,near,10.25133816,-0.15728280,0.85457086,-0.49494521,0.92588025,-1.60918178,-0.32022138,1.88394850,281,2,8,12.68456952,0.14389190,28,-0.38974414,33
near_09,near,13.09423995,0.63440393,0.70765438,-0.31105777,-0.50500488,0.93712625,-0.20895262,1.08484871,762,43,13,12.35187358,0.00887264,30,0.35885471,25
near_10,near,10.63607602,-0.87158869,0.47128022,0.13501153,1.26524171,-0.78289549,0.29050729,1.51596715,500,7,9,12.07836041,0.56886206,19,0.21194965,28
near_11,near,4.09653313,0.51766166,-0.75015819,-0.41144756,-0.49689462,-1.55658188,0.63387474,1.75261194,407,7,15,12.27332127,0.38389234,25,1.08732166,17
near_12,near,6.70356394,0.51445604,0.47784141,0.71204112,-0.16028641,-0.68892354,-0.12974243,0.71912480,450,3,14,12.25781207,0.50088394,23,1.02758964,18
near_13,near,12.12376175,-0.77620023,-0.58521467,0.23459964,-1.27479283,-0.53240206,1.82913885,2.29222547,1187,68,6,12.11551973,0.05897050,29,-0.82811278,35
near_14,near,5.97743611,-0.69273112,-0.15243176,-0.70490294,-0.33859605,0.83922495,-1.72509385,1.94804892,845,18,10,10.81633345,1.34657674,4,1.16638795,15
near_15,near,9.59327360,-0.37964271,-0.92398445,0.04608844,-1.94371337,0.85413048,0.08021698,2.12461650,1164,43,7,11.02310477,1.06790694,7,0.35754729,26
near_16,near,3.34423858,-0.96364216,0.16879139,0.20713102,1.63726347,1.00596648,0.42988323,1.96911143,1051,13,22,11.12905916,1.44791836,3,3.38841303,1
near_17,near,14.46126977,-0.53690978,-0.77762641,-0.32714685,-1.53248950,0.70703272,-0.24737225,1.70575859,1307,64,6,10.51468000,1.08931725,6,0.20223397,29
near_18,near,8.15536221,0.14328282,0.38304252,0.91255052,1.09554610,0.15580853,-0.37204386,1.16743916,853,14,16,11.54654616,1.03499719,9,1.91515013,8
near_19,near,3.82323816,-0.73963133,-0.37790099,-0.55689886,-0.24424097,1.84923931,0.27244444,1.88509036,948,8,15,11.07212620,1.47787714,2,2.18130646,5
near_20,near,13.90815399,-0.95987300,-0.27873565,-0.03082638,0.93811744,0.06912763,0.52147150,1.07553498,1248,52,15,11.06981249,0.95556878,10,1.65899810,10
near_21,near,14.38769214,-0.39440890,-0.29637410,0.86982988,-0.68073081,0.69490467,-0.74830815,1.22729460,1331,62,16,10.98797181,0.89316274,11,1.77331568,9
near_22,near,14.90088233,-0.23222978,-0.06043411,-0.97078167,0.88133067,-0.89893720,-2.42150026,2.72919317,762,39,5,10.89291612,0.85910562,13,-0.20470128,30
near_23,near,10.60159642,0.99213862,0.10052228,-0.07454013,0.30256706,1.38249466,0.23223180,1.43414432,1277,84,13,11.37999443,0.24467516,26,0.59465723,23
near_24,near,12.80446474,0.26714168,0.95687061,0.11416634,-0.43798888,-0.48938642,0.59053194,0.88321079,406,17,11,13.21787848,-0.29954974,32,-0.30301491,32
near_25,near,8.50963542,-0.20458266,0.78026112,-0.59104867,-0.65717410,0.47252145,-0.28983618,0.85974376,475,5,11,12.20105070,0.51727369,21,0.51380852,24
hard_01,hard,32.35656089,0.23277309,0.97052312,0.06246244,1.76919326,-5.63275688,-0.13385165,5.90558305,131,4,4,14.24438033,-0.85498414,41,-2.09551466,43
hard_02,hard,22.52371729,-0.66926056,-0.25464333,0.69803086,-5.11173016,0.11804945,-1.86592060,5.44292023,1303,115,6,11.63878201,-0.42356025,34,-1.31064353,38
hard_03,hard,30.84937779,0.37115170,0.92243699,-0.10656644,-3.18907573,-1.02580688,1.11121322,3.52948702,961,91,12,14.58671024,-1.86697626,47,-1.69371781,40
hard_04,hard,26.68454004,0.03577495,0.09022961,0.99527824,6.24268751,-2.83802483,-0.95588335,6.92381725,1685,109,9,10.34207585,0.70793327,15,0.35102086,27
hard_05,hard,30.15039552,0.21855691,0.83505531,-0.50489157,-2.13301907,-7.00180904,-0.53041565,7.33869477,72,3,7,16.10323512,-1.88088721,48,-2.59124686,46
hard_06,hard,21.19598907,0.90736210,-0.21727008,-0.35984403,-0.17208783,-3.20894836,-2.67827069,4.18331181,295,1,14,11.73235962,0.68226908,16,1.20897477,14
hard_07,hard,35.61660476,-0.30399950,0.50914308,0.80520657,-4.18343798,-1.31494585,1.21962885,4.55167337,1022,93,6,14.47083359,-1.78771622,46,-2.67479950,47
hard_08,hard,15.52870041,-0.26550501,0.84144176,0.47061964,-0.86097797,-0.30630537,-3.14697832,3.27697705,1010,82,2,12.04254162,-0.30560462,33,-1.89958238,41
hard_09,hard,27.61315593,0.30364192,-0.72628118,0.61669866,6.89465365,1.05817581,2.39478693,7.37502471,4751,429,13,9.56193926,-1.91417419,49,-1.56419211,39
hard_10,hard,16.23135300,-0.90887623,0.39865693,-0.12254243,3.84978059,2.89373346,0.70965367,4.86807069,1794,147,14,10.23537593,0.18221284,27,0.70891854,21
hard_11,hard,36.08937379,0.15821976,-0.67394323,0.72164190,1.07967223,1.97297441,-7.16874059,7.51326572,5312,483,12,7.34185954,-1.20373763,42,-1.03047918,36
hard_12,hard,28.40170090,-0.89921855,-0.38183730,0.21355624,0.92980041,-5.17776761,-1.83398716,5.57111435,1267,95,16,11.53685750,-0.04388289,31,0.83627004,20
hard_13,hard,26.94693185,0.49578294,-0.86477228,-0.07980086,1.77001435,2.96814017,-3.72944940,5.08444684,4771,433,13,7.05641868,-0.63042855,37,-0.28044647,31
hard_14,hard,22.42191186,0.70037934,-0.62192648,0.35025167,-2.30313667,-0.42991630,-7.38137896,7.74428963,2221,180,19,9.20214964,0.51686198,22,1.92718578,7
hard_15,hard,35.10979570,0.26799897,0.79679662,0.54156412,1.34337752,5.33553523,1.34309140,5.66361138,3307,295,3,10.61784740,-1.34474184,45,-2.76199599,48
hard_16,hard,30.35949351,0.05488411,-0.57520499,0.81616601,-2.86942975,1.90519600,-0.46427746,3.47547874,3193,260,4,10.43449731,-0.72200150,39,-1.96253202,42
hard_17,hard,29.84205011,0.72420873,0.29068439,-0.62531936,-0.36069354,-6.31389683,-2.79210356,6.91312052,133,2,9,14.24276005,-0.81672263,40,-1.17363504,37
hard_18,hard,29.12376529,-0.56743007,-0.82299137,0.02661430,-5.00816215,-2.76285504,1.28443631,5.86215257,1511,119,2,12.29575604,-0.66472577,38,-2.25870354,44
hard_19,hard,38.28090589,-0.99081129,0.13161584,0.03114913,0.56134339,2.19200271,-2.79829031,3.59866794,1580,123,2,9.43844749,0.84945056,14,-0.74452721,34
hard_20,hard,23.34094396,-0.72072906,0.67258671,0.16785929,4.85746441,-3.27591658,4.66915065,7.49183274,1119,68,18,13.17444641,-0.56551698,35,0.66808321,22
hard_21,hard,38.40318658,0.25081534,0.28927462,-0.92380293,-1.74715692,-1.80629825,4.54046794,5.18952019,138,2,5,15.05720651,-1.24719673,43,-2.31100363,45
hard_22,hard,24.40898684,-0.07520218,0.89120508,-0.44732331,-5.45482169,1.34210299,5.60166684,7.93315772,538,36,4,16.12443766,-2.07526574,51,-3.31579626,50
hard_23,hard,29.70645000,0.64771201,0.63639215,0.41889639,4.86285558,-0.42861699,-4.18569225,6.43048183,1578,122,13,10.02712102,0.55125435,20,0.90123642,19
hard_24,hard,22.54818479,0.05206214,0.63197743,-0.77323610,-4.35496247,-5.57146235,-2.76310585,7.59220948,152,7,2,14.92348702,-1.25277235,44,-2.84675012,49
hard_25,hard,17.66048830,0.10149999,-0.51903410,-0.84870570,0.65773664,-5.70899562,5.55906017,7.99552365,1480,134,2,14.11407840,-1.92989378,50,-3.52387154,51
