pdb_id,pose_id,pose_type,native_label,held_out_native_probability,held_out_rank
1AAY,native,native,1,0.93965034,4
1AAY,near_01,near,0,0.59812011,21
1AAY,near_02,near,0,0.90103363,10
1AAY,near_03,near,0,0.75295214,18
1AAY,near_04,near,0,0.29714274,25
1AAY,near_05,near,0,0.83914957,16
1AAY,near_06,near,0,0.92436945,7
1AAY,near_07,near,0,0.30472562,24
1AAY,near_08,near,0,0.02716287,27
1AAY,near_09,near,0,0.94493199,3
1AAY,near_10,near,0,0.70758267,19
1AAY,near_11,near,0,0.57528458,22
1AAY,near_12,near,0,0.88446238,13
1AAY,near_13,near,0,0.61493482,20
1AAY,near_14,near,0,0.91178188,8
1AAY,near_15,near,0,0.92446143,6
1AAY,near_16,near,0,0.91122708,9
1AAY,near_17,near,0,0.88496146,12
1AAY,near_18,near,0,0.93513959,5
1AAY,near_19,near,0,0.94626521,2
1AAY,near_20,near,0,0.86903239,14
1AAY,near_21,near,0,0.86726677,15
1AAY,near_22,near,0,0.00198755,31
1AAY,near_23,near,0,0.96114975,1
1AAY,near_24,near,0,0.56575157,23
1AAY,near_25,near,0,0.88752730,11
1AAY,hard_01,hard,0,0.00000000,50
1AAY,hard_02,hard,0,0.00016961,35
1AAY,hard_03,hard,0,0.00000001,44
1AAY,hard_04,hard,0,0.00062192,34
1AAY,hard_05,hard,0,0.00000000,51
1AAY,hard_06,hard,0,0.00000048,39
1AAY,hard_07,hard,0,0.00000022,40
1AAY,hard_08,hard,0,0.00001097,38
1AAY,hard_09,hard,0,0.00000000,47
1AAY,hard_10,hard,0,0.00007969,36
1AAY,hard_11,hard,0,0.00093594,32
1AAY,hard_12,hard,0,0.00003686,37
1AAY,hard_13,hard,0,0.00846438,29
1AAY,hard_14,hard,0,0.00625011,30
1AAY,hard_15,hard,0,0.00083705,33
1AAY,hard_16,hard,0,0.78112907,17
1AAY,hard_17,hard,0,0.00000000,49
1AAY,hard_18,hard,0,0.17368895,26
1AAY,hard_19,hard,0,0.00000000,48
1AAY,hard_20,hard,0,0.00000001,43
1AAY,hard_21,hard,0,0.00000007,41
1AAY,hard_22,hard,0,0.00000003,42
1AAY,hard_23,hard,0,0.01038303,28
1AAY,hard_24,hard,0,0.00000000,46
1AAY,hard_25,hard,0,0.00000000,45
1LMB,native,native,1,0.71382602,1
1LMB,near_01,near,0,0.00630362,27
1LMB,near_02,near,0,0.30695755,12
1LMB,near_03,near,0,0.05315482,23
1LMB,near_04,near,0,0.00603137,29
1LMB,near_05,near,0,0.16613754,17
1LMB,near_06,near,0,0.13367322,18
1LMB,near_07,near,0,0.26152647,13
1LMB,near_08,near,0,0.09206208,20
1LMB,near_09,near,0,0.01946766,25
1LMB,near_10,near,0,0.02429829,24
1LMB,near_11,near,0,0.57335298,5
1LMB,near_12,near,0,0.59820613,3
1LMB,near_13,near,0,0.00473736,32
1LMB,near_14,near,0,0.57640957,4
1LMB,near_15,near,0,0.52137667,7
1LMB,near_16,near,0,0.51091149,8
1LMB,near_17,near,0,0.25064042,14
1LMB,near_18,near,0,0.54495581,6
1LMB,near_19,near,0,0.66811606,2
1LMB,near_20,near,0,0.00366603,34
1LMB,near_21,near,0,0.18830678,16
1LMB,near_22,near,0,0.12840378,19
1LMB,near_23,near,0,0.37137242,11
1LMB,near_24,near,0,0.08767765,21
1LMB,near_25,near,0,0.45284609,9
1LMB,hard_01,hard,0,0.00000004,47
1LMB,hard_02,hard,0,0.01299562,26
1LMB,hard_03,hard,0,0.00000490,41
1LMB,hard_04,hard,0,0.00000000,50
1LMB,hard_05,hard,0,0.00000000,51
1LMB,hard_06,hard,0,0.00000134,45
1LMB,hard_07,hard,0,0.41651275,10
1LMB,hard_08,hard,0,0.00427189,33
1LMB,hard_09,hard,0,0.00004470,37
1LMB,hard_10,hard,0,0.00488366,31
1LMB,hard_11,hard,0,0.00000728,40
1LMB,hard_12,hard,0,0.00000054,46
1LMB,hard_13,hard,0,0.00584843,30
1LMB,hard_14,hard,0,0.00000378,43
1LMB,hard_15,hard,0,0.08251189,22
1LMB,hard_16,hard,0,0.00622350,28
1LMB,hard_17,hard,0,0.00000000,49
1LMB,hard_18,hard,0,0.00000820,39
1LMB,hard_19,hard,0,0.00024204,36
1LMB,hard_20,hard,0,0.00002580,38
1LMB,hard_21,hard,0,0.00223021,35
1LMB,hard_22,hard,0,0.21972188,15
1LMB,hard_23,hard,0,0.00000336,44
1LMB,hard_24,hard,0,0.00000002,48
1LMB,hard_25,hard,0,0.00000474,42
1TRO,native,native,1,0.79015163,4
1TRO,near_01,near,0,0.17321901,25
1TRO,near_02,near,0,0.82693516,1
1TRO,near_03,near,0,0.02329438,32
1TRO,near_04,near,0,0.76911943,8
1TRO,near_05,near,0,0.78468255,5
1TRO,near_06,near,0,0.07252792,29
1TRO,near_07,near,0,0.29219435,21
1TRO,near_08,near,0,0.47185383,19
1TRO,near_09,near,0,0.01078637,33
1TRO,near_10,near,0,0.52623894,16
1TRO,near_11,near,0,0.50113902,17
1TRO,near_12,near,0,0.54886933,14
1TRO,near_13,near,0,0.17779953,24
1TRO,near_14,near,0,0.78031919,7
1TRO,near_15,near,0,0.47741377,18
1TRO,near_16,near,0,0.79450262,3
1TRO,near_17,near,0,0.34292873,20
1TRO,near_18,near,0,0.81257857,2
1TRO,near_19,near,0,0.78426345,6
1TRO,near_20,near,0,0.71760483,9
1TRO,near_21,near,0,0.59048986,12
1TRO,near_22,near,0,0.63660342,11
1TRO,near_23,near,0,0.12020705,27
1TRO,near_24,near,0,0.01044403,34
1TRO,near_25,near,0,0.53173455,15
1TRO,hard_01,hard,0,0.00000003,47
1TRO,hard_02,hard,0,0.00127060,37
1TRO,hard_03,hard,0,0.00000035,45
1TRO,hard_04,hard,0,0.64491679,10
1TRO,hard_05,hard,0,0.00000000,51
1TRO,hard_06,hard,0,0.00000069,44
1TRO,hard_07,hard,0,0.00000000,50
1TRO,hard_08,hard,0,0.04946461,30
1TRO,hard_09,hard,0,0.55566268,13
1TRO,hard_10,hard,0,0.24452977,22
1TRO,hard_11,hard,0,0.00477830,35
1TRO,hard_12,hard,0,0.21333793,23
1TRO,hard_13,hard,0,0.00033584,38
1TRO,hard_14,hard,0,0.00000275,43
1TRO,hard_15,hard,0,0.00001069,42
1TRO,hard_16,hard,0,0.04872143,31
1TRO,hard_17,hard,0,0.00001430,41
1TRO,hard_18,hard,0,0.00001718,40
1TRO,hard_19,hard,0,0.07433703,28
1TRO,hard_20,hard,0,0.00177107,36
1TRO,hard_21,hard,0,0.00000008,46
1TRO,hard_22,hard,0,0.00000000,48
1TRO,hard_23,hard,0,0.14789677,26
1TRO,hard_24,hard,0,0.00000000,49
1TRO,hard_25,hard,0,0.00002125,39
1A3Q,native,native,1,0.76167805,1
1A3Q,near_01,near,0,0.08232244,24
1A3Q,near_02,near,0,0.72111223,2
1A3Q,near_03,near,0,0.13896199,22
1A3Q,near_04,near,0,0.35593115,13
1A3Q,near_05,near,0,0.20662168,20
1A3Q,near_06,near,0,0.22825113,19
1A3Q,near_07,near,0,0.59523008,4
1A3Q,near_08,near,0,0.45017327,9
1A3Q,near_09,near,0,0.03999850,25
1A3Q,near_10,near,0,0.26358730,18
1A3Q,near_11,near,0,0.54521088,5
1A3Q,near_12,near,0,0.64274863,3
1A3Q,near_13,near,0,0.29685601,16
1A3Q,near_14,near,0,0.45694837,7
1A3Q,near_15,near,0,0.40691067,10
1A3Q,near_16,near,0,0.48602988,6
1A3Q,near_17,near,0,0.28458062,17
1A3Q,near_18,near,0,0.33409152,14
1A3Q,near_19,near,0,0.45490934,8
1A3Q,near_20,near,0,0.40456495,11
1A3Q,near_21,near,0,0.30942027,15
1A3Q,near_22,near,0,0.00730134,29
1A3Q,near_23,near,0,0.39994522,12
1A3Q,near_24,near,0,0.11956075,23
1A3Q,near_25,near,0,0.18751253,21
1A3Q,hard_01,hard,0,0.00000012,40
1A3Q,hard_02,hard,0,0.03827407,26
1A3Q,hard_03,hard,0,0.00000001,45
1A3Q,hard_04,hard,0,0.00000000,46
1A3Q,hard_05,hard,0,0.00000001,44
1A3Q,hard_06,hard,0,0.03753451,27
1A3Q,hard_07,hard,0,0.00000011,41
1A3Q,hard_08,hard,0,0.00002422,34
1A3Q,hard_09,hard,0,0.02568967,28
1A3Q,hard_10,hard,0,0.00000551,36
1A3Q,hard_11,hard,0,0.00000000,47
1A3Q,hard_12,hard,0,0.00000591,35
1A3Q,hard_13,hard,0,0.00122844,30
1A3Q,hard_14,hard,0,0.00046852,31
1A3Q,hard_15,hard,0,0.00000000,51
1A3Q,hard_16,hard,0,0.00035259,32
1A3Q,hard_17,hard,0,0.00000372,37
1A3Q,hard_18,hard,0,0.00003699,33
1A3Q,hard_19,hard,0,0.00000004,43
1A3Q,hard_20,hard,0,0.00000011,42
1A3Q,hard_21,hard,0,0.00000000,50
1A3Q,hard_22,hard,0,0.00000000,49
1A3Q,hard_23,hard,0,0.00000000,48
1A3Q,hard_24,hard,0,0.00000028,39
1A3Q,hard_25,hard,0,0.00000036,38
1HDD,native,native,1,0.73206770,1
1HDD,near_01,near,0,0.06600454,28
1HDD,near_02,near,0,0.56258707,8
1HDD,near_03,near,0,0.04567631,31
1HDD,near_04,near,0,0.26826816,18
1HDD,near_05,near,0,0.16724569,24
1HDD,near_06,near,0,0.43151553,14
1HDD,near_07,near,0,0.46359210,11
1HDD,near_08,near,0,0.17399878,23
1HDD,near_09,near,0,0.20176432,21
1HDD,near_10,near,0,0.18234717,22
1HDD,near_11,near,0,0.71812580,2
1HDD,near_12,near,0,0.44107017,13
1HDD,near_13,near,0,0.65885542,4
1HDD,near_14,near,0,0.41891027,15
1HDD,near_15,near,0,0.58991504,6
1HDD,near_16,near,0,0.56866257,7
1HDD,near_17,near,0,0.30670694,17
1HDD,near_18,near,0,0.36747177,16
1HDD,near_19,near,0,0.62636958,5
1HDD,near_20,near,0,0.44256947,12
1HDD,near_21,near,0,0.49528894,10
1HDD,near_22,near,0,0.04675686,30
1HDD,near_23,near,0,0.65993192,3
1HDD,near_24,near,0,0.01629973,37
1HDD,near_25,near,0,0.21626613,20
1HDD,hard_01,hard,0,0.00111701,40
1HDD,hard_02,hard,0,0.05201750,29
1HDD,hard_03,hard,0,0.00000000,51
1HDD,hard_04,hard,0,0.09293868,27
1HDD,hard_05,hard,0,0.00000011,49
1HDD,hard_06,hard,0,0.03041114,35
1HDD,hard_07,hard,0,0.00021305,45
1HDD,hard_08,hard,0,0.11378106,26
1HDD,hard_09,hard,0,0.00077809,42
1HDD,hard_10,hard,0,0.03582071,32
1HDD,hard_11,hard,0,0.00000020,48
1HDD,hard_12,hard,0,0.00825614,39
1HDD,hard_13,hard,0,0.00000002,50
1HDD,hard_14,hard,0,0.00000039,46
1HDD,hard_15,hard,0,0.00090998,41
1HDD,hard_16,hard,0,0.15861697,25
1HDD,hard_17,hard,0,0.03476181,34
1HDD,hard_18,hard,0,0.50273481,9
1HDD,hard_19,hard,0,0.00886003,38
1HDD,hard_20,hard,0,0.00048765,44
1HDD,hard_21,hard,0,0.03491668,33
1HDD,hard_22,hard,0,0.00000035,47
1HDD,hard_23,hard,0,0.01704561,36
1HDD,hard_24,hard,0,0.00069269,43
1HDD,hard_25,hard,0,0.25374145,19
1MNM,native,native,1,0.77422417,1
1MNM,near_01,near,0,0.00030785,31
1MNM,near_02,near,0,0.33975186,6
1MNM,near_03,near,0,0.00001003,40
1MNM,near_04,near,0,0.01297029,21
1MNM,near_05,near,0,0.08324965,13
1MNM,near_06,near,0,0.19319408,8
1MNM,near_07,near,0,0.49883440,5
1MNM,near_08,near,0,0.14939617,9
1MNM,near_09,near,0,0.03216386,18
1MNM,near_10,near,0,0.00521113,27
1MNM,near_11,near,0,0.55310339,4
1MNM,near_12,near,0,0.69508419,2
1MNM,near_13,near,0,0.00787196,24
1MNM,near_14,near,0,0.06948242,15
1MNM,near_15,near,0,0.01285158,22
1MNM,near_16,near,0,0.20150139,7
1MNM,near_17,near,0,0.00007824,35
1MNM,near_18,near,0,0.60613278,3
1MNM,near_19,near,0,0.12136010,10
1MNM,near_20,near,0,0.00029761,33
1MNM,near_21,near,0,0.09935606,12
1MNM,near_22,near,0,0.00587122,26
1MNM,near_23,near,0,0.00304646,28
1MNM,near_24,near,0,0.06451694,16
1MNM,near_25,near,0,0.10073624,11
1MNM,hard_01,hard,0,0.01156677,23
1MNM,hard_02,hard,0,0.00001322,38
1MNM,hard_03,hard,0,0.00000358,44
1MNM,hard_04,hard,0,0.07848807,14
1MNM,hard_05,hard,0,0.02416206,20
1MNM,hard_06,hard,0,0.00001230,39
1MNM,hard_07,hard,0,0.00067111,30
1MNM,hard_08,hard,0,0.00030253,32
1MNM,hard_09,hard,0,0.00009614,34
1MNM,hard_10,hard,0,0.00000002,46
1MNM,hard_11,hard,0,0.00000000,50
1MNM,hard_12,hard,0,0.00000534,42
1MNM,hard_13,hard,0,0.00000000,48
1MNM,hard_14,hard,0,0.00000001,47
1MNM,hard_15,hard,0,0.00000000,49
1MNM,hard_16,hard,0,0.00000396,43
1MNM,hard_17,hard,0,0.00224126,29
1MNM,hard_18,hard,0,0.00000943,41
1MNM,hard_19,hard,0,0.00001421,37
1MNM,hard_20,hard,0,0.00006935,36
1MNM,hard_21,hard,0,0.00000017,45
1MNM,hard_22,hard,0,0.00000000,51
1MNM,hard_23,hard,0,0.03034437,19
1MNM,hard_24,hard,0,0.00785030,25
1MNM,hard_25,hard,0,0.04591797,17
1RM1,native,native,1,0.46445342,2
1RM1,near_01,near,0,0.01580291,25
1RM1,near_02,near,0,0.00346581,32
1RM1,near_03,near,0,0.00423711,31
1RM1,near_04,near,0,0.00000109,46
1RM1,near_05,near,0,0.07187274,20
1RM1,near_06,near,0,0.37749252,8
1RM1,near_07,near,0,0.44443837,3
1RM1,near_08,near,0,0.43667974,4
1RM1,near_09,near,0,0.05094518,22
1RM1,near_10,near,0,0.30482337,12
1RM1,near_11,near,0,0.41859507,7
1RM1,near_12,near,0,0.41936615,6
1RM1,near_13,near,0,0.00445869,30
1RM1,near_14,near,0,0.14361817,19
1RM1,near_15,near,0,0.01954388,24
1RM1,near_16,near,0,0.16298691,18
1RM1,near_17,near,0,0.00622095,29
1RM1,near_18,near,0,0.17274327,17
1RM1,near_19,near,0,0.18544552,16
1RM1,near_20,near,0,0.01578783,26
1RM1,near_21,near,0,0.00900801,27
1RM1,near_22,near,0,0.06255611,21
1RM1,near_23,near,0,0.00320221,34
1RM1,near_24,near,0,0.22505956,15
1RM1,near_25,near,0,0.35199682,9
1RM1,hard_01,hard,0,0.35153262,10
1RM1,hard_02,hard,0,0.00053415,38
1RM1,hard_03,hard,0,0.00200065,36
1RM1,hard_04,hard,0,0.00041865,40
1RM1,hard_05,hard,0,0.30245357,13
1RM1,hard_06,hard,0,0.58563145,1
1RM1,hard_07,hard,0,0.00119518,37
1RM1,hard_08,hard,0,0.00338747,33
1RM1,hard_09,hard,0,0.00000000,50
1RM1,hard_10,hard,0,0.00008491,43
1RM1,hard_11,hard,0,0.00000000,51
1RM1,hard_12,hard,0,0.00230805,35
1RM1,hard_13,hard,0,0.00000000,49
1RM1,hard_14,hard,0,0.00001182,45
1RM1,hard_15,hard,0,0.00000000,48
1RM1,hard_16,hard,0,0.00000001,47
1RM1,hard_17,hard,0,0.42977544,5
1RM1,hard_18,hard,0,0.00017060,42
1RM1,hard_19,hard,0,0.00029039,41
1RM1,hard_20,hard,0,0.00704822,28
1RM1,hard_21,hard,0,0.32071188,11
1RM1,hard_22,hard,0,0.02548992,23
1RM1,hard_23,hard,0,0.00044060,39
1RM1,hard_24,hard,0,0.24858113,14
1RM1,hard_25,hard,0,0.00005656,44
1PUE,native,native,1,0.82588515,5
1PUE,near_01,near,0,0.68038673,21
1PUE,near_02,near,0,0.86048183,1
1PUE,near_03,near,0,0.29986192,32
1PUE,near_04,near,0,0.83544650,3
1PUE,near_05,near,0,0.78178618,12
1PUE,near_06,near,0,0.68015563,22
1PUE,near_07,near,0,0.81161448,7
1PUE,near_08,near,0,0.84853760,2
1PUE,near_09,near,0,0.31018657,30
1PUE,near_10,near,0,0.79550865,10
1PUE,near_11,near,0,0.80112163,8
1PUE,near_12,near,0,0.77630502,13
1PUE,near_13,near,0,0.33923187,29
1PUE,near_14,near,0,0.50290904,26
1PUE,near_15,near,0,0.44881447,27
1PUE,near_16,near,0,0.82769453,4
1PUE,near_17,near,0,0.25999324,34
1PUE,near_18,near,0,0.81341929,6
1PUE,near_19,near,0,0.71848481,18
1PUE,near_20,near,0,0.69063100,20
1PUE,near_21,near,0,0.21073026,35
1PUE,near_22,near,0,0.58980970,24
1PUE,near_23,near,0,0.61833747,23
1PUE,near_24,near,0,0.79575889,9
1PUE,near_25,near,0,0.69924151,19
1PUE,hard_01,hard,0,0.27112945,33
1PUE,hard_02,hard,0,0.00000001,51
1PUE,hard_03,hard,0,0.00516289,38
1PUE,hard_04,hard,0,0.19710934,36
1PUE,hard_05,hard,0,0.00511815,39
1PUE,hard_06,hard,0,0.44795414,28
1PUE,hard_07,hard,0,0.00000002,50
1PUE,hard_08,hard,0,0.01153548,37
1PUE,hard_09,hard,0,0.73457323,16
1PUE,hard_10,hard,0,0.76076684,14
1PUE,hard_11,hard,0,0.00001231,48
1PUE,hard_12,hard,0,0.00050854,43
1PUE,hard_13,hard,0,0.00056911,42
1PUE,hard_14,hard,0,0.00001473,47
1PUE,hard_15,hard,0,0.57958873,25
1PUE,hard_16,hard,0,0.00156630,40
1PUE,hard_17,hard,0,0.30852959,31
1PUE,hard_18,hard,0,0.00000146,49
1PUE,hard_19,hard,0,0.00140360,41
1PUE,hard_20,hard,0,0.72457414,17
1PUE,hard_21,hard,0,0.00007687,45
1PUE,hard_22,hard,0,0.00014084,44
1PUE,hard_23,hard,0,0.78331752,11
1PUE,hard_24,hard,0,0.00001581,46
1PUE,hard_25,hard,0,0.74482068,15
